{
    "keyboard_name": "default",
    "url": "",
    "maintainer": "qmk",
    "width": 9,
    "height": 8,
    "layouts": {
        "LAYOUT": {
            "layout": [
                {"label":"K00 (F4,D3)", "x":0, "y":0},
                {"label":"K01 (F4,D2)", "x":1, "y":0},
                {"label":"K02 (F4,D1)", "x":2, "y":0},
                {"label":"K03 (F4,D0)", "x":3, "y":0},
                {"label":"K04 (F4,D4)", "x":4, "y":0},
                {"label":"K05 (F4,C6)", "x":5, "y":0},
                {"label":"K06 (F4,D7)", "x":6, "y":0},
                {"label":"K07 (F4,E6)", "x":7, "y":0},
                {"label":"K08 (F4,B4)", "x":8, "y":0},
                {"label":"K10 (F5,D3)", "x":0, "y":1},
                {"label":"K11 (F5,D2)", "x":1, "y":1},
                {"label":"K12 (F5,D1)", "x":2, "y":1},
                {"label":"K13 (F5,D0)", "x":3, "y":1},
                {"label":"K14 (F5,D4)", "x":4, "y":1},
                {"label":"K15 (F5,C6)", "x":5, "y":1},
                {"label":"K16 (F5,D7)", "x":6, "y":1},
                {"label":"K17 (F5,E6)", "x":7, "y":1},
                {"label":"K18 (F5,B4)", "x":8, "y":1},
                {"label":"K20 (F6,D3)", "x":0, "y":2},
                {"label":"K21 (F6,D2)", "x":1, "y":2},
                {"label":"K22 (F6,D1)", "x":2, "y":2},
                {"label":"K23 (F6,D0)", "x":3, "y":2},
                {"label":"K24 (F6,D4)", "x":4, "y":2},
                {"label":"K25 (F6,C6)", "x":5, "y":2},
                {"label":"K26 (F6,D7)", "x":6, "y":2},
                {"label":"K27 (F6,E6)", "x":7, "y":2},
                {"label":"K28 (F6,B4)", "x":8, "y":2},
                {"label":"K30 (F7,D3)", "x":0, "y":3},
                {"label":"K31 (F7,D2)", "x":1, "y":3},
                {"label":"K32 (F7,D1)", "x":2, "y":3},
                {"label":"K33 (F7,D0)", "x":3, "y":3},
                {"label":"K34 (F7,D4)", "x":4, "y":3},
                {"label":"K35 (F7,C6)", "x":5, "y":3},
                {"label":"K36 (F7,D7)", "x":6, "y":3},
                {"label":"K37 (F7,E6)", "x":7, "y":3},
                {"label":"K38 (F7,B4)", "x":8, "y":3},
                {"label":"K40 (B1,D3)", "x":0, "y":4},
                {"label":"K41 (B1,D2)", "x":1, "y":4},
                {"label":"K42 (B1,D1)", "x":2, "y":4},
                {"label":"K43 (B1,D0)", "x":3, "y":4},
                {"label":"K44 (B1,D4)", "x":4, "y":4},
                {"label":"K45 (B1,C6)", "x":5, "y":4},
                {"label":"K46 (B1,D7)", "x":6, "y":4},
                {"label":"K47 (B1,E6)", "x":7, "y":4},
                {"label":"K48 (B1,B4)", "x":8, "y":4},
                {"label":"K50 (B3,D3)", "x":0, "y":5},
                {"label":"K51 (B3,D2)", "x":1, "y":5},
                {"label":"K52 (B3,D1)", "x":2, "y":5},
                {"label":"K53 (B3,D0)", "x":3, "y":5},
                {"label":"K54 (B3,D4)", "x":4, "y":5},
                {"label":"K55 (B3,C6)", "x":5, "y":5},
                {"label":"K56 (B3,D7)", "x":6, "y":5},
                {"label":"K57 (B3,E6)", "x":7, "y":5},
                {"label":"K58 (B3,B4)", "x":8, "y":5},
                {"label":"K60 (B2,D3)", "x":0, "y":6},
                {"label":"K61 (B2,D2)", "x":1, "y":6},
                {"label":"K62 (B2,D1)", "x":2, "y":6},
                {"label":"K63 (B2,D0)", "x":3, "y":6},
                {"label":"K64 (B2,D4)", "x":4, "y":6},
                {"label":"K65 (B2,C6)", "x":5, "y":6},
                {"label":"K66 (B2,D7)", "x":6, "y":6},
                {"label":"K67 (B2,E6)", "x":7, "y":6},
                {"label":"K68 (B2,B4)", "x":8, "y":6},
                {"label":"K70 (B6,D3)", "x":0, "y":7},
                {"label":"K71 (B6,D2)", "x":1, "y":7},
                {"label":"K72 (B6,D1)", "x":2, "y":7},
                {"label":"K73 (B6,D0)", "x":3, "y":7},
                {"label":"K74 (B6,D4)", "x":4, "y":7},
                {"label":"K75 (B6,C6)", "x":5, "y":7},
                {"label":"K76 (B6,D7)", "x":6, "y":7},
                {"label":"K77 (B6,E6)", "x":7, "y":7},
                {"label":"K78 (B6,B4)", "x":8, "y":7}
            ]
        }
    }
    ,"meta": ""
}
